day,users
01.01.2020,1 210
02.01.2020,1 709
03.01.2020,1 469
04.01.2020,1 149
05.01.2020,1 106
06.01.2020,1 949
07.01.2020,2 059
08.01.2020,2 254
09.01.2020,2 110
10.01.2020,1 801
11.01.2020,1 322
12.01.2020,1 430
13.01.2020,2 359
14.01.2020,2 171
15.01.2020,2 249
16.01.2020,2 259
17.01.2020,1 879
18.01.2020,1 286
19.01.2020,1 311
20.01.2020,1 749
21.01.2020,2 121
22.01.2020,2 177
23.01.2020,1 993
24.01.2020,1 764
25.01.2020,1 191
26.01.2020,1 125
27.01.2020,2 150
28.01.2020,2 235
29.01.2020,2 304
30.01.2020,2 059
31.01.2020,1 685
01.02.2020,1 225
02.02.2020,1 364
03.02.2020,2 251
04.02.2020,2 192
05.02.2020,2 236
06.02.2020,2 172
07.02.2020,1 902
08.02.2020,1 419
09.02.2020,1 494
10.02.2020,2 022
11.02.2020,2 331
12.02.2020,2 296
13.02.2020,2 134
14.02.2020,1 697
15.02.2020,1 372
16.02.2020,1 307
17.02.2020,1 803
18.02.2020,2 296
19.02.2020,2 310
20.02.2020,2 309
21.02.2020,1 871
22.02.2020,1 373
23.02.2020,1 320
24.02.2020,2 018
25.02.2020,2 087
26.02.2020,2 021
27.02.2020,2 126
28.02.2020,1 818
29.02.2020,1 310
01.03.2020,1 363
02.03.2020,2 081
03.03.2020,2 168
04.03.2020,2 264
05.03.2020,2 061
06.03.2020,1 854
07.03.2020,1 266
08.03.2020,1 224
09.03.2020,1 993
10.03.2020,2 195
11.03.2020,2 000
12.03.2020,1 682
13.03.2020,1 347
14.03.2020,1 064
15.03.2020,1 109
16.03.2020,1 363
17.03.2020,1 362
18.03.2020,1 448
19.03.2020,1 238
20.03.2020,1 237
21.03.2020,1 036
22.03.2020,979
23.03.2020,1 439
24.03.2020,1 427
25.03.2020,1 616
26.03.2020,1 501
27.03.2020,1 462
28.03.2020,1 161
29.03.2020,1 146
30.03.2020,1 707
31.03.2020,1 652
01.04.2020,1 570
02.04.2020,1 686
03.04.2020,1 467
04.04.2020,1 187
05.04.2020,1 247
06.04.2020,1 757
07.04.2020,1 730
08.04.2020,1 788
09.04.2020,1 743
10.04.2020,1 517
11.04.2020,1 261
12.04.2020,1 291
13.04.2020,1 823
14.04.2020,1 847
15.04.2020,1 949
16.04.2020,2 055
17.04.2020,1 876
18.04.2020,1 444
19.04.2020,1 540
20.04.2020,2 001
21.04.2020,2 022
22.04.2020,2 013
23.04.2020,1 837
24.04.2020,1 651
25.04.2020,1 439
26.04.2020,1 577
27.04.2020,2 248
28.04.2020,2 120
29.04.2020,1 897
30.04.2020,1 916
01.05.2020,1 734
02.05.2020,1 412
03.05.2020,1 468
04.05.2020,1 975
05.05.2020,2 037
06.05.2020,2 099
07.05.2020,1 983
08.05.2020,2 009
09.05.2020,1 523
10.05.2020,1 587
11.05.2020,2 135
12.05.2020,2 207
13.05.2020,2 182
14.05.2020,2 167
15.05.2020,1 851
16.05.2020,1 494
17.05.2020,1 644
18.05.2020,2 218
19.05.2020,2 214
20.05.2020,2 272
21.05.2020,2 137
22.05.2020,1 744
23.05.2020,1 489
24.05.2020,1 450
25.05.2020,1 760
26.05.2020,2 297
27.05.2020,2 352
28.05.2020,2 352
29.05.2020,1 920
30.05.2020,1 411
31.05.2020,1 450
01.06.2020,2 036
02.06.2020,2 186
03.06.2020,2 197
04.06.2020,2 300
05.06.2020,2 389
06.06.2020,1 602
07.06.2020,1 761
08.06.2020,2 374
09.06.2020,2 338
10.06.2020,2 565
11.06.2020,2 354
12.06.2020,1 954
13.06.2020,1 466
14.06.2020,1 500
15.06.2020,2 087
16.06.2020,2 220
17.06.2020,2 056
18.06.2020,1 937
19.06.2020,1 740
20.06.2020,1 401
21.06.2020,1 412
22.06.2020,2 130
23.06.2020,2 001
24.06.2020,1 904
25.06.2020,2 609
26.06.2020,1 997
27.06.2020,1 308
28.06.2020,1 354
29.06.2020,2 106
30.06.2020,1 932
01.07.2020,1 786
02.07.2020,1 593
03.07.2020,1 466
04.07.2020,1 172
05.07.2020,1 372
06.07.2020,2 800
07.07.2020,2 986
08.07.2020,2 789
09.07.2020,2 724
10.07.2020,2 445
11.07.2020,1 388
12.07.2020,1 547
13.07.2020,2 665
14.07.2020,2 442
15.07.2020,2 438
16.07.2020,2 140
17.07.2020,2 150
18.07.2020,1 412
19.07.2020,1 512
20.07.2020,2 363
21.07.2020,2 200
22.07.2020,2 157
23.07.2020,1 877
24.07.2020,1 653
25.07.2020,1 260
26.07.2020,1 265
27.07.2020,1 838
28.07.2020,1 844
29.07.2020,2 074
30.07.2020,1 773
31.07.2020,1 557
01.08.2020,1 063
02.08.2020,1 188
03.08.2020,2 282
04.08.2020,3 704
05.08.2020,2 544
06.08.2020,1 959
07.08.2020,2 839
08.08.2020,1 469
09.08.2020,1 396
10.08.2020,2 456
11.08.2020,1 891
12.08.2020,1 785
13.08.2020,1 691
14.08.2020,1 541
15.08.2020,1 032
16.08.2020,1 021
17.08.2020,1 691
18.08.2020,1 691
19.08.2020,2 355
20.08.2020,1 812
21.08.2020,1 646
22.08.2020,994
23.08.2020,1 044
24.08.2020,1 557
25.08.2020,1 652
26.08.2020,1 635
27.08.2020,1 873
28.08.2020,1 407
29.08.2020,1 055
30.08.2020,1 052
31.08.2020,1 565
01.09.2020,1 577
02.09.2020,1 739
03.09.2020,1 496
04.09.2020,1 143
05.09.2020,960
06.09.2020,1 094
07.09.2020,1 241
08.09.2020,1 761
09.09.2020,1 724
10.09.2020,1 960
11.09.2020,1 894
12.09.2020,1 158
13.09.2020,1 212
14.09.2020,1 963
15.09.2020,1 889
16.09.2020,1 792
17.09.2020,1 792
18.09.2020,1 550
19.09.2020,932
20.09.2020,1 093
21.09.2020,1 873
22.09.2020,1 849
23.09.2020,1 767
24.09.2020,1 732
25.09.2020,1 754
26.09.2020,1 120
27.09.2020,1 242
28.09.2020,1 874
29.09.2020,2 178
30.09.2020,2 512
01.10.2020,2 102
02.10.2020,1 668
03.10.2020,1 067
04.10.2020,1 217
05.10.2020,2 144
06.10.2020,2 329
07.10.2020,2 196
08.10.2020,2 147
09.10.2020,2 077
10.10.2020,1 183
11.10.2020,1 296
12.10.2020,2 117
13.10.2020,2 084
14.10.2020,2 109
15.10.2020,1 906
16.10.2020,1 831
17.10.2020,1 336
18.10.2020,1 405
19.10.2020,2 528
20.10.2020,2 588
21.10.2020,2 671
22.10.2020,2 413
23.10.2020,2 247
24.10.2020,1 550
25.10.2020,1 677
26.10.2020,2 768
27.10.2020,2 780
28.10.2020,2 790
29.10.2020,2 660
30.10.2020,2 430
31.10.2020,1 488
01.11.2020,1 579
02.11.2020,2 569
03.11.2020,2 635
04.11.2020,2 521
05.11.2020,2 446
06.11.2020,2 154
07.11.2020,1 368
08.11.2020,1 331
09.11.2020,2 205
10.11.2020,2 434
11.11.2020,2 084
12.11.2020,2 135
13.11.2020,1 903
14.11.2020,1 239
15.11.2020,1 351
16.11.2020,2 371
17.11.2020,2 411
18.11.2020,2 344
19.11.2020,2 358
20.11.2020,2 307
21.11.2020,1 514
22.11.2020,1 625
23.11.2020,2 422
24.11.2020,2 714
25.11.2020,2 473
26.11.2020,2 106
27.11.2020,2 360
28.11.2020,1 721
29.11.2020,1 888
30.11.2020,3 000
01.12.2020,2 840
02.12.2020,3 089
03.12.2020,2 885
04.12.2020,2 820
05.12.2020,1 877
06.12.2020,2 125
07.12.2020,3 465
08.12.2020,3 715
09.12.2020,3 396
10.12.2020,3 360
11.12.2020,2 917
12.12.2020,1 962
13.12.2020,2 048
14.12.2020,3 148
15.12.2020,3 028
16.12.2020,2 899
17.12.2020,2 950
18.12.2020,2 271
19.12.2020,1 749
20.12.2020,1 721
21.12.2020,2 281
22.12.2020,2 104
23.12.2020,1 762
24.12.2020,1 259
25.12.2020,1 172
26.12.2020,1 272
27.12.2020,1 393
28.12.2020,1 733
29.12.2020,1 691
30.12.2020,1 583
31.12.2020,1 022
